Workbook
Name Mode: Assumptions!$B$4
Name GlobalSL: Assumptions!$B$5
Name Uplift: Assumptions!$B$6
Name LTDelay: Assumptions!$B$7
Name HoldRate: Assumptions!$B$8

Sheet Summary
A1: SupplyPulse - replenishment summary
A2: All figures are live formulas over the Planner sheet. Change inputs on Assumptions.
A4: SKUs to order this week | B4: =COUNTIF(Planner!$Z$5:$Z$64,"Order")
A5: Total order value | B5: =SUM(Planner!$V$5:$V$64)
A6: Units to order | B6: =SUM(Planner!$U$5:$U$64)
A7: Safety stock value | B7: =SUM(Planner!$W$5:$W$64)
A8: Annual holding cost of safety stock | B8: =SUM(Planner!$AA$5:$AA$64)
A9: Expected fill rate (demand-weighted) | B9: =1-SUM(Planner!$Y$5:$Y$64)/SUM(Planner!$M$5:$M$64)
A10: SKUs flagged overstocked | B10: =COUNTIF(Planner!$Z$5:$Z$64,"Overstocked")
A13: By category
A14: Category | B14: SKUs | C14: Order value | D14: Safety stock value | E14: SKUs to order
A15: Beverages | B15: =COUNTIF(Planner!$B$5:$B$64,A15) | C15: =SUMIF(Planner!$B$5:$B$64,A15,Planner!$V$5:$V$64) | D15: =SUMIF(Planner!$B$5:$B$64,A15,Planner!$W$5:$W$64) | E15: =COUNTIFS(Planner!$B$5:$B$64,A15,Planner!$Z$5:$Z$64,"Order")
A16: Household | B16: =COUNTIF(Planner!$B$5:$B$64,A16) | C16: =SUMIF(Planner!$B$5:$B$64,A16,Planner!$V$5:$V$64) | D16: =SUMIF(Planner!$B$5:$B$64,A16,Planner!$W$5:$W$64) | E16: =COUNTIFS(Planner!$B$5:$B$64,A16,Planner!$Z$5:$Z$64,"Order")
A17: Personal Care | B17: =COUNTIF(Planner!$B$5:$B$64,A17) | C17: =SUMIF(Planner!$B$5:$B$64,A17,Planner!$V$5:$V$64) | D17: =SUMIF(Planner!$B$5:$B$64,A17,Planner!$W$5:$W$64) | E17: =COUNTIFS(Planner!$B$5:$B$64,A17,Planner!$Z$5:$Z$64,"Order")
A18: Pet | B18: =COUNTIF(Planner!$B$5:$B$64,A18) | C18: =SUMIF(Planner!$B$5:$B$64,A18,Planner!$V$5:$V$64) | D18: =SUMIF(Planner!$B$5:$B$64,A18,Planner!$W$5:$W$64) | E18: =COUNTIFS(Planner!$B$5:$B$64,A18,Planner!$Z$5:$Z$64,"Order")
A19: Seasonal | B19: =COUNTIF(Planner!$B$5:$B$64,A19) | C19: =SUMIF(Planner!$B$5:$B$64,A19,Planner!$V$5:$V$64) | D19: =SUMIF(Planner!$B$5:$B$64,A19,Planner!$W$5:$W$64) | E19: =COUNTIFS(Planner!$B$5:$B$64,A19,Planner!$Z$5:$Z$64,"Order")
A20: Snacks | B20: =COUNTIF(Planner!$B$5:$B$64,A20) | C20: =SUMIF(Planner!$B$5:$B$64,A20,Planner!$V$5:$V$64) | D20: =SUMIF(Planner!$B$5:$B$64,A20,Planner!$W$5:$W$64) | E20: =COUNTIFS(Planner!$B$5:$B$64,A20,Planner!$Z$5:$Z$64,"Order")

Sheet Assumptions
A1: What-if assumptions
A2: Yellow cells are inputs. Change them and Planner / Summary recalculate.
A4: Service level mode | B4: Optimised per SKU | C4: Optimised per SKU uses the PuLP solution; Global applies one service level to every SKU.
A5: Global cycle service level | B5: 0.95 | C5: Probability of not stocking out in a replenishment cycle (used when mode = Global).
A6: Demand uplift | B6: 0 | C6: Scenario change vs. forecast, e.g. 0.10 = +10% demand (scales mean and sigma).
A7: Lead-time delay (weeks) | B7: 0 | C7: Extra weeks added to every supplier lead time.
A8: Annual holding rate | B8: 0.25 | C8: Share of unit cost per year.

Sheet Planner
A1: Replenishment planner
A2: Columns A-L: data from the Python pipeline. Columns M-AA: live formulas driven by the Assumptions sheet.
A4: SKU | B4: Category | C4: ABC | D4: Unit cost | E4: Lead time (wks) | F4: Case pack | G4: MOQ | H4: Avg weekly forecast | I4: Sigma over cover (units) | J4: Optimised z | K4: On hand | L4: On order | M4: Weekly demand (scenario) | N4: Lead time (scenario) | O4: z used | P4: Demand over cover | Q4: Sigma (scenario) | R4: Safety stock | S4: Order-up-to level | T4: Inventory position | U4: Order qty | V4: Order value | W4: Safety stock value | X4: Weeks of cover | Y4: Exp. shortage / wk | Z4: Status | AA4: Annual SS holding cost
A5: SKU-001 | B5: Pet | C5: A | D5: 4.14 | E5: 2 | F5: 12 | G5: 48 | H5: 150.7 | I5: 128.9 | J5: 2.4 | K5: 363.5 | L5: 425 | M5: =H5*(1+Uplift) | N5: =E5+LTDelay | O5: =IF(Mode="Global",NORMSINV(GlobalSL),J5) | P5: =M5*(N5+1) | Q5: =I5*(1+Uplift)*SQRT((N5+1)/(E5+1)) | R5: =O5*Q5 | S5: =P5+R5 | T5: =K5+L5 | U5: =IF(S5-T5<=0,0,MAX(G5,CEILING(S5-T5,F5))) | V5: =U5*D5 | W5: =R5*D5 | X5: =IF(M5>0,K5/M5,0) | Y5: =Q5*(NORMDIST(O5,0,1,FALSE)-O5*(1-NORMSDIST(O5))) | Z5: =IF(U5>0,"Order",IF(T5>1.3*S5,"Overstocked","Hold")) | AA5: =W5*HoldRate
A6: SKU-002 | B6: Snacks | C6: A | D6: 40.56 | E6: 1 | F6: 6 | G6: 6 | H6: 40.35 | I6: 16.8 | J6: 2.5 | K6: 38.1 | L6: 59.6 | M6: =H6*(1+Uplift) | N6: =E6+LTDelay | O6: =IF(Mode="Global",NORMSINV(GlobalSL),J6) | P6: =M6*(N6+1) | Q6: =I6*(1+Uplift)*SQRT((N6+1)/(E6+1)) | R6: =O6*Q6 | S6: =P6+R6 | T6: =K6+L6 | U6: =IF(S6-T6<=0,0,MAX(G6,CEILING(S6-T6,F6))) | V6: =U6*D6 | W6: =R6*D6 | X6: =IF(M6>0,K6/M6,0) | Y6: =Q6*(NORMDIST(O6,0,1,FALSE)-O6*(1-NORMSDIST(O6))) | Z6: =IF(U6>0,"Order",IF(T6>1.3*S6,"Overstocked","Hold")) | AA6: =W6*HoldRate
A7: SKU-003 | B7: Beverages | C7: B | D7: 3.83 | E7: 2 | F7: 24 | G7: 24 | H7: 88.33 | I7: 65.8 | J7: 2.2 | K7: 147.6 | L7: 154.5 | M7: =H7*(1+Uplift) | N7: =E7+LTDelay | O7: =IF(Mode="Global",NORMSINV(GlobalSL),J7) | P7: =M7*(N7+1) | Q7: =I7*(1+Uplift)*SQRT((N7+1)/(E7+1)) | R7: =O7*Q7 | S7: =P7+R7 | T7: =K7+L7 | U7: =IF(S7-T7<=0,0,MAX(G7,CEILING(S7-T7,F7))) | V7: =U7*D7 | W7: =R7*D7 | X7: =IF(M7>0,K7/M7,0) | Y7: =Q7*(NORMDIST(O7,0,1,FALSE)-O7*(1-NORMSDIST(O7))) | Z7: =IF(U7>0,"Order",IF(T7>1.3*S7,"Overstocked","Hold")) | AA7: =W7*HoldRate
A8: SKU-004 | B8: Beverages | C8: A | D8: 14.45 | E8: 4 | F8: 6 | G8: 24 | H8: 35.66 | I8: 81.6 | J8: 2.2 | K8: 224.3 | L8: 133.8 | M8: =H8*(1+Uplift) | N8: =E8+LTDelay | O8: =IF(Mode="Global",NORMSINV(GlobalSL),J8) | P8: =M8*(N8+1) | Q8: =I8*(1+Uplift)*SQRT((N8+1)/(E8+1)) | R8: =O8*Q8 | S8: =P8+R8 | T8: =K8+L8 | U8: =IF(S8-T8<=0,0,MAX(G8,CEILING(S8-T8,F8))) | V8: =U8*D8 | W8: =R8*D8 | X8: =IF(M8>0,K8/M8,0) | Y8: =Q8*(NORMDIST(O8,0,1,FALSE)-O8*(1-NORMSDIST(O8))) | Z8: =IF(U8>0,"Order",IF(T8>1.3*S8,"Overstocked","Hold")) | AA8: =W8*HoldRate
A9: SKU-005 | B9: Snacks | C9: B | D9: 3.59 | E9: 3 | F9: 6 | G9: 12 | H9: 79.3 | I9: 65.2 | J9: 2.4 | K9: 63.9 | L9: 400.6 | M9: =H9*(1+Uplift) | N9: =E9+LTDelay | O9: =IF(Mode="Global",NORMSINV(GlobalSL),J9) | P9: =M9*(N9+1) | Q9: =I9*(1+Uplift)*SQRT((N9+1)/(E9+1)) | R9: =O9*Q9 | S9: =P9+R9 | T9: =K9+L9 | U9: =IF(S9-T9<=0,0,MAX(G9,CEILING(S9-T9,F9))) | V9: =U9*D9 | W9: =R9*D9 | X9: =IF(M9>0,K9/M9,0) | Y9: =Q9*(NORMDIST(O9,0,1,FALSE)-O9*(1-NORMSDIST(O9))) | Z9: =IF(U9>0,"Order",IF(T9>1.3*S9,"Overstocked","Hold")) | AA9: =W9*HoldRate
A10: SKU-006 | B10: Seasonal | C10: A | D10: 15.57 | E10: 4 | F10: 24 | G10: 24 | H10: 179.9 | I10: 162.5 | J10: 2.6 | K10: 345.4 | L10: 1087.8 | M10: =H10*(1+Uplift) | N10: =E10+LTDelay | O10: =IF(Mode="Global",NORMSINV(GlobalSL),J10) | P10: =M10*(N10+1) | Q10: =I10*(1+Uplift)*SQRT((N10+1)/(E10+1)) | R10: =O10*Q10 | S10: =P10+R10 | T10: =K10+L10 | U10: =IF(S10-T10<=0,0,MAX(G10,CEILING(S10-T10,F10))) | V10: =U10*D10 | W10: =R10*D10 | X10: =IF(M10>0,K10/M10,0) | Y10: =Q10*(NORMDIST(O10,0,1,FALSE)-O10*(1-NORMSDIST(O10))) | Z10: =IF(U10>0,"Order",IF(T10>1.3*S10,"Overstocked","Hold")) | AA10: =W10*HoldRate
A11: SKU-007 | B11: Personal Care | C11: A | D11: 10.05 | E11: 1 | F11: 24 | G11: 24 | H11: 82.8 | I11: 25.9 | J11: 2.5 | K11: 73.4 | L11: 125.9 | M11: =H11*(1+Uplift) | N11: =E11+LTDelay | O11: =IF(Mode="Global",NORMSINV(GlobalSL),J11) | P11: =M11*(N11+1) | Q11: =I11*(1+Uplift)*SQRT((N11+1)/(E11+1)) | R11: =O11*Q11 | S11: =P11+R11 | T11: =K11+L11 | U11: =IF(S11-T11<=0,0,MAX(G11,CEILING(S11-T11,F11))) | V11: =U11*D11 | W11: =R11*D11 | X11: =IF(M11>0,K11/M11,0) | Y11: =Q11*(NORMDIST(O11,0,1,FALSE)-O11*(1-NORMSDIST(O11))) | Z11: =IF(U11>0,"Order",IF(T11>1.3*S11,"Overstocked","Hold")) | AA11: =W11*HoldRate
A12: SKU-008 | B12: Household | C12: A | D12: 6.52 | E12: 1 | F12: 24 | G12: 48 | H12: 146.55 | I12: 75.6 | J12: 2.6 | K12: 128.8 | L12: 294.9 | M12: =H12*(1+Uplift) | N12: =E12+LTDelay | O12: =IF(Mode="Global",NORMSINV(GlobalSL),J12) | P12: =M12*(N12+1) | Q12: =I12*(1+Uplift)*SQRT((N12+1)/(E12+1)) | R12: =O12*Q12 | S12: =P12+R12 | T12: =K12+L12 | U12: =IF(S12-T12<=0,0,MAX(G12,CEILING(S12-T12,F12))) | V12: =U12*D12 | W12: =R12*D12 | X12: =IF(M12>0,K12/M12,0) | Y12: =Q12*(NORMDIST(O12,0,1,FALSE)-O12*(1-NORMSDIST(O12))) | Z12: =IF(U12>0,"Order",IF(T12>1.3*S12,"Overstocked","Hold")) | AA12: =W12*HoldRate
A13: SKU-009 | B13: Seasonal | C13: B | D13: 7.15 | E13: 4 | F13: 24 | G13: 48 | H13: 68.6 | I13: 71 | J13: 2.5 | K13: 172.9 | L13: 380.4 | M13: =H13*(1+Uplift) | N13: =E13+LTDelay | O13: =IF(Mode="Global",NORMSINV(GlobalSL),J13) | P13: =M13*(N13+1) | Q13: =I13*(1+Uplift)*SQRT((N13+1)/(E13+1)) | R13: =O13*Q13 | S13: =P13+R13 | T13: =K13+L13 | U13: =IF(S13-T13<=0,0,MAX(G13,CEILING(S13-T13,F13))) | V13: =U13*D13 | W13: =R13*D13 | X13: =IF(M13>0,K13/M13,0) | Y13: =Q13*(NORMDIST(O13,0,1,FALSE)-O13*(1-NORMSDIST(O13))) | Z13: =IF(U13>0,"Order",IF(T13>1.3*S13,"Overstocked","Hold")) | AA13: =W13*HoldRate
A14: SKU-010 | B14: Personal Care | C14: B | D14: 4.38 | E14: 1 | F14: 24 | G14: 24 | H14: 129.55 | I14: 61.9 | J14: 2.4 | K14: 202.9 | L14: 105.8 | M14: =H14*(1+Uplift) | N14: =E14+LTDelay | O14: =IF(Mode="Global",NORMSINV(GlobalSL),J14) | P14: =M14*(N14+1) | Q14: =I14*(1+Uplift)*SQRT((N14+1)/(E14+1)) | R14: =O14*Q14 | S14: =P14+R14 | T14: =K14+L14 | U14: =IF(S14-T14<=0,0,MAX(G14,CEILING(S14-T14,F14))) | V14: =U14*D14 | W14: =R14*D14 | X14: =IF(M14>0,K14/M14,0) | Y14: =Q14*(NORMDIST(O14,0,1,FALSE)-O14*(1-NORMSDIST(O14))) | Z14: =IF(U14>0,"Order",IF(T14>1.3*S14,"Overstocked","Hold")) | AA14: =W14*HoldRate
A15: SKU-011 | B15: Household | C15: A | D15: 10.56 | E15: 1 | F15: 12 | G15: 12 | H15: 135.9 | I15: 46 | J15: 2.5 | K15: 103.7 | L15: 132.9 | M15: =H15*(1+Uplift) | N15: =E15+LTDelay | O15: =IF(Mode="Global",NORMSINV(GlobalSL),J15) | P15: =M15*(N15+1) | Q15: =I15*(1+Uplift)*SQRT((N15+1)/(E15+1)) | R15: =O15*Q15 | S15: =P15+R15 | T15: =K15+L15 | U15: =IF(S15-T15<=0,0,MAX(G15,CEILING(S15-T15,F15))) | V15: =U15*D15 | W15: =R15*D15 | X15: =IF(M15>0,K15/M15,0) | Y15: =Q15*(NORMDIST(O15,0,1,FALSE)-O15*(1-NORMSDIST(O15))) | Z15: =IF(U15>0,"Order",IF(T15>1.3*S15,"Overstocked","Hold")) | AA15: =W15*HoldRate
A16: SKU-012 | B16: Seasonal | C16: C | D16: 5.13 | E16: 2 | F16: 24 | G16: 24 | H16: 24.7 | I16: 13.6 | J16: 2.1 | K16: 23.6 | L16: 71.4 | M16: =H16*(1+Uplift) | N16: =E16+LTDelay | O16: =IF(Mode="Global",NORMSINV(GlobalSL),J16) | P16: =M16*(N16+1) | Q16: =I16*(1+Uplift)*SQRT((N16+1)/(E16+1)) | R16: =O16*Q16 | S16: =P16+R16 | T16: =K16+L16 | U16: =IF(S16-T16<=0,0,MAX(G16,CEILING(S16-T16,F16))) | V16: =U16*D16 | W16: =R16*D16 | X16: =IF(M16>0,K16/M16,0) | Y16: =Q16*(NORMDIST(O16,0,1,FALSE)-O16*(1-NORMSDIST(O16))) | Z16: =IF(U16>0,"Order",IF(T16>1.3*S16,"Overstocked","Hold")) | AA16: =W16*HoldRate
... A64: SKU-060 | B64: Household | C64: C | D64: 6.18 | E64: 2 | F64: 24 | G64: 24 | H64: 31.47 | I64: 22.7 | J64: 2.1 | K64: 54.5 | L64: 66 | M64: =H64*(1+Uplift) | N64: =E64+LTDelay | O64: =IF(Mode="Global",NORMSINV(GlobalSL),J64) | P64: =M64*(N64+1) | Q64: =I64*(1+Uplift)*SQRT((N64+1)/(E64+1)) | R64: =O64*Q64 | S64: =P64+R64 | T64: =K64+L64 | U64: =IF(S64-T64<=0,0,MAX(G64,CEILING(S64-T64,F64))) | V64: =U64*D64 | W64: =R64*D64 | X64: =IF(M64>0,K64/M64,0) | Y64: =Q64*(NORMDIST(O64,0,1,FALSE)-O64*(1-NORMSDIST(O64))) | Z64: =IF(U64>0,"Order",IF(T64>1.3*S64,"Overstocked","Hold")) | AA64: =W64*HoldRate

Sheet How it works
A1: How the model works
A2: Policy: weekly-review, order-up-to (base stock). Order-up-to S = demand over the protection interval + safety stock.
A3: Protection interval = lead time + 1 review week. Safety stock = z x sigma, where sigma is the std of forecast error over that interval.
A4: Order quantity = S - inventory position (on hand + on order), rounded up to the case pack and at least the MOQ.
A5: Optimised z comes from a PuLP cost-minimisation (holding cost vs. lost-sales cost, subject to a fill-rate floor).
A6: Switch Assumptions!B4 to Global to see a one-size-fits-all service level, then compare safety stock value and expected fill rate.
A7: Lead-time delay scales sigma by sqrt((L'+1)/(L+1)); demand uplift scales both the mean and sigma.
A8: Expected shortage per week = sigma x G(z), where G is the standard normal loss function.
